committer,timestamp
bharat-coindcx,2022-03-31 06:51:02
manasCoindcx,2022-03-31 05:16:25
bharat-coindcx,2022-03-30 07:39:17
bharat-coindcx,2022-03-30 07:37:06
manasCoindcx,2022-03-30 06:51:23
Bharat Ramnani,2022-03-25 15:48:49
Akash Pal,2022-03-23 14:29:20
Aviral Sachdeo,2022-03-22 11:49:19
Bharat Ramnani,2022-03-17 09:16:59
Bharat Ramnani,2022-03-16 08:29:30
Bharat Ramnani,2022-03-16 08:11:03
Aviral Sachdeo,2022-03-16 05:27:31
Aviral Sachdeo,2022-03-16 05:13:04
Bharat Ramnani,2022-03-15 17:04:15
Bharat Ramnani,2022-03-15 17:03:24
Bharat Ramnani,2022-03-15 17:01:56
Bharat Ramnani,2022-03-15 16:57:52
Bharat Ramnani,2022-03-15 16:50:35
Bharat Ramnani,2022-03-15 16:49:50
Bharat Ramnani,2022-03-15 16:47:26
Bharat Ramnani,2022-03-15 16:45:19
Bharat Ramnani,2022-03-15 16:45:04
Bharat Ramnani,2022-03-15 14:34:37
Bharat Ramnani,2022-03-15 14:32:59
Bharat Ramnani,2022-03-15 14:26:32
Aviral Sachdeo,2022-03-15 14:23:44
Aviral Sachdeo,2022-03-15 14:22:32
Bharat Ramnani,2022-03-15 14:21:18
Bharat Ramnani,2022-03-15 14:19:55
Aviral Sachdeo,2022-03-14 11:13:03
Bharat Ramnani,2022-03-10 14:13:54
akashCoindcx,2022-03-10 08:54:00
akashCoindcx,2022-03-10 08:51:52
Akash Pal,2022-03-10 08:50:47
Akash Pal,2022-03-08 12:16:52
Akash Pal,2022-03-08 11:57:37
Aviral Sachdeo,2022-03-07 08:48:33
Aviral Sachdeo,2022-03-07 08:22:08
Aviral Sachdeo,2022-03-07 08:17:43
Akash Pal,2022-02-14 14:35:19
akashCoindcx,2022-02-14 08:00:22
Akash Pal,2022-02-09 14:00:33
Akash Pal,2022-02-09 13:57:22
Akash Pal,2022-02-09 10:32:05
Akash Pal,2022-02-09 10:14:39
Rohit Mishra,2021-12-16 09:51:45
Rohit Mishra,2021-12-16 09:39:24
Matthew Peveler,2021-12-15 21:21:02
dependabot[bot],2021-12-15 21:21:02
Matthew Peveler,2021-12-15 21:21:02
Matthew Peveler,2021-12-15 21:21:02
Daniel Grieve,2021-12-15 21:21:02
dependabot[bot],2021-12-15 21:21:02
dependabot[bot],2021-12-15 21:21:02
Artur Pietrzyk,2021-12-15 21:21:02
dependabot[bot],2021-12-15 21:21:02
Bharat Ramnani,2021-11-18 08:39:07
Akash Pal,2021-11-18 07:37:48
Akash Pal,2021-11-18 07:31:53
Bharat Ramnani,2021-11-01 12:32:36
Bharat Ramnani,2021-10-29 20:12:02
Akash Pal,2021-10-28 07:04:28
Akash Pal,2021-10-28 06:31:45
Akash Pal,2021-10-28 06:23:21
Bharat Ramnani,2021-10-20 21:26:31
Akashpal95,2021-10-19 15:18:59
Akashpal95,2021-10-19 15:09:53
Akashpal95,2021-10-18 18:04:55
akashCoindcx,2021-10-12 06:30:35
akashCoindcx,2021-10-11 11:50:51
akashCoindcx,2021-10-11 11:38:54
Matthew Peveler,2021-08-27 16:52:03
dependabot[bot],2021-08-12 13:02:12
dependabot[bot],2021-08-03 22:23:31
dependabot[bot],2021-08-03 16:39:11
King'ori Maina,2021-07-28 21:11:09
dependabot[bot],2021-06-18 06:08:15
Matthew Peveler,2021-06-18 00:08:35
Matthew Peveler,2021-06-17 23:51:33
Matthew Peveler,2021-05-31 15:40:59
Matthew Peveler,2021-05-31 15:32:55
Matthew Peveler,2021-05-31 15:31:41
dependabot[bot],2021-05-31 14:30:52
dependabot[bot],2021-05-24 17:19:11
dependabot[bot],2021-05-24 17:18:47
dependabot-preview[bot],2021-04-29 04:36:22
vibhaj-dcx,2021-04-27 12:11:41
Vibhaj Rajan,2021-04-27 12:10:19
vibhaj-dcx,2021-04-27 12:01:38
Vibhaj Rajan,2021-04-27 11:59:36
Matthew Peveler,2021-04-16 01:33:25
dependabot-preview[bot],2021-04-13 12:33:45
Matthew Peveler,2021-04-08 19:24:53
Shaun VanWeelden,2021-04-08 19:06:38
dependabot-preview[bot],2021-04-08 11:54:29
Matthew Peveler,2021-03-30 11:44:29
dependabot-preview[bot],2021-03-29 22:23:03
dependabot-preview[bot],2021-03-14 22:32:12
Matthew Peveler,2021-02-27 23:44:13
Matthew Peveler,2021-02-25 14:25:55
Matthew Peveler,2021-01-27 23:22:12
Matthew Peveler,2021-01-27 23:22:12
Matthew Peveler,2021-01-27 23:22:12
dependabot-preview[bot],2021-01-27 23:22:12
dependabot-preview[bot],2021-01-27 23:22:12
Matthew Peveler,2021-01-27 23:22:12
Matthew Peveler,2021-01-27 23:22:12
Courtenay,2021-01-27 23:22:12
Matthew Peveler,2021-01-27 23:22:12
dependabot-preview[bot],2021-01-27 23:22:12
dependabot-preview[bot],2021-01-27 23:22:12
dependabot-preview[bot],2021-01-27 23:22:12
Sandeep Maurya,2020-12-17 12:10:34
Victor E F,2020-12-17 02:22:51
Bharat Ramnani,2020-12-14 09:35:16
Sandeep Maurya,2020-12-12 07:48:11
Neel,2020-12-11 12:06:20
Matthew Peveler,2020-11-10 18:34:17
Matthew Peveler,2020-11-10 18:29:26
Matthew Peveler,2020-10-27 19:21:49
Matthew Peveler,2020-10-27 18:47:45
Matthew Peveler,2020-10-27 18:42:44
Michael Bang,2020-10-26 18:31:15
dependabot-preview[bot],2020-10-15 23:35:53
Mike Ralphson,2020-09-23 03:07:24
dependabot-preview[bot],2020-09-17 01:26:10
dependabot-preview[bot],2020-09-11 15:45:34
dependabot-preview[bot],2020-09-10 18:25:43
Mike Ralphson,2020-09-10 16:55:45
Matthew Peveler,2020-09-10 16:47:29
Matthew Peveler,2020-09-10 16:28:30
Matthew Peveler,2020-08-16 00:05:29
Matthew Peveler,2020-08-15 18:17:12
dependabot-preview[bot],2020-08-15 18:17:12
dependabot-preview[bot],2020-08-13 17:35:50
Matthew Peveler,2020-08-10 14:42:37
Matthew Peveler,2020-08-10 14:26:12
dependabot-preview[bot],2020-07-31 13:08:39
dependabot-preview[bot],2020-07-31 12:52:39
McKay Ward,2020-06-24 18:34:23
Matthew Peveler,2020-06-22 20:48:45
Matthew Peveler,2020-06-22 20:44:34
Matthew Peveler,2020-06-22 20:35:41
Andrew Lloyd Cartwright,2020-06-22 20:35:41
Matthew Peveler,2020-06-22 20:35:41
Caleb Crane,2020-06-22 20:35:41
Matthew Peveler,2020-06-22 20:35:41
Matthew Peveler,2020-06-22 20:35:41
dependabot-preview[bot],2020-06-22 20:35:41
dependabot-preview[bot],2020-06-22 20:35:41
dependabot-preview[bot],2020-06-22 20:35:41
Matthew Peveler,2020-06-22 20:35:41
dependabot-preview[bot],2020-06-22 20:35:41
Mike Ralphson,2020-06-22 20:35:41
jakemack,2020-06-22 20:34:12
Mike Ralphson,2020-06-21 17:02:09
lord,2020-06-20 19:45:22
lord,2020-06-20 19:37:55
Simon Marcus,2020-06-04 03:11:21
Ritesh Kumar,2020-06-01 14:23:29
Matthew Peveler,2020-05-30 18:38:16
dependabot-preview[bot],2020-05-30 18:38:11
Matthew Peveler,2020-05-28 21:48:54
Matthew Peveler,2020-05-23 14:36:58
Matthew Peveler,2020-05-23 14:29:31
lord,2020-05-21 22:21:14
Matthew Peveler,2020-05-19 20:53:09
Matthew Peveler,2020-05-19 20:53:09
Matthew Peveler,2020-05-19 20:53:09
Matthew Peveler,2020-05-19 20:53:09
lord,2020-05-19 20:53:09
Matthew Peveler,2020-05-19 20:53:09
Sandeep Maurya,2020-05-19 10:14:50
Bharat Ramnani,2020-05-19 06:46:44
Matthew Peveler,2020-05-12 15:45:41
Matthew Peveler,2020-05-11 13:25:54
Matthew Peveler,2020-05-11 13:25:54
Matthew Peveler,2020-05-11 13:25:54
Matthew Peveler,2020-05-11 13:25:54
Matthew Peveler,2020-05-11 13:25:54
Matthew Peveler,2020-05-11 13:25:54
KaliArch,2020-05-11 13:25:54
Fernando Aguilar,2020-05-11 13:25:54
Robert Lord,2020-05-11 13:25:54
Matthew Peveler,2020-05-11 13:25:54
Matthew Peveler,2020-05-11 13:25:54
Matthew Peveler,2020-05-11 13:25:54
Brad Thurber,2020-05-11 13:25:54
snmmaurya,2020-04-27 03:53:59
Sandeep Maurya,2020-04-15 12:10:53
Bharat Ramnani,2020-04-15 12:06:49
Sandeep Maurya,2020-04-15 11:54:12
Bharat Ramnani,2020-04-15 06:23:54
Bharat Ramnani,2020-04-15 06:19:42
Bharat Ramnani,2020-04-09 10:52:23
Bharat Ramnani,2020-04-09 10:51:47
snmmaurya,2020-04-09 10:46:10
Sandeep Maurya,2020-04-09 10:38:54
Sandeep Maurya,2020-04-09 10:38:37
Bharat Ramnani,2020-04-09 09:19:24
Bharat Ramnani,2020-04-09 09:16:08
Mike Ralphson,2020-03-31 16:02:21
Mike Ralphson,2020-03-31 15:56:43
snmmaurya,2020-03-28 11:26:40
snmmaurya,2020-03-28 11:23:55
snmmaurya,2020-02-22 13:59:12
Sandeep Maurya,2020-02-22 13:55:25
Srishti Khandelwal,2020-02-22 13:51:18
Sandeep Maurya,2020-02-20 12:54:29
Srishti Khandelwal,2020-02-19 04:14:40
Alex Mayer,2020-02-04 13:32:50
BigBlueHat,2020-01-10 14:27:41
Sandeep Maurya,2019-12-11 10:37:47
Sandeep Maurya,2019-12-09 10:01:45
Manoj Kumawat,2019-12-09 09:57:38
Manoj Kumawat,2019-12-06 10:25:53
Srishti Khandelwal,2019-11-22 07:12:44
Srishti Khandelwal,2019-11-21 13:23:44
Sandeep Maurya,2019-11-01 08:01:06
Srishti Khandelwal,2019-11-01 07:33:10
Matthew Peveler,2019-10-20 23:49:48
Matthew Peveler,2019-10-20 23:49:48
Matthew Peveler,2019-10-20 23:49:48
Gustavo Gawryszewski,2019-10-20 23:49:48
Arun,2019-10-20 23:49:48
daniel-korbit,2019-10-20 23:49:48
Sam Gilman,2019-10-20 23:49:48
Dan,2019-10-20 23:49:48
Robert Lord,2019-10-20 23:49:48
Robert Lord,2019-10-20 23:49:48
Grey Baker,2019-10-20 23:49:48
Grey Baker,2019-10-20 23:49:48
Jeff Stieler,2019-10-20 23:49:48
Christian Oliff,2019-10-20 23:49:48
Grey Baker,2019-10-20 23:49:48
Robert Lord,2019-10-20 23:49:48
Srishti Khandelwal,2019-10-09 12:22:46
Sandeep Maurya,2019-09-13 08:29:17
Srishti Khandelwal,2019-09-13 08:22:00
Srishti Khandelwal,2019-09-13 08:20:28
Srishti Khandelwal,2019-09-11 13:54:20
Srishti Khandelwal,2019-09-11 13:52:39
Srishti Khandelwal,2019-09-11 13:45:39
Sandeep Maurya,2019-09-11 11:31:57
Sandeep Maurya,2019-09-11 11:29:06
Sandeep Maurya,2019-09-11 11:09:27
Srishti Khandelwal,2019-09-11 10:56:21
Sandeep Maurya,2019-08-30 13:12:47
Sandeep Maurya,2019-08-30 13:11:38
Manoj Kumawat,2019-08-30 12:46:11
Sandeep Maurya,2019-08-30 12:03:44
Manoj Kumawat,2019-08-30 11:28:40
Sandeep Maurya,2019-08-12 09:59:00
Manoj Kumawat,2019-08-12 09:50:58
Manoj Kumawat,2019-08-12 09:42:04
Sandeep Maurya,2019-08-12 09:15:08
Manoj Kumawat,2019-08-12 08:50:55
Manoj Kumawat,2019-08-12 06:42:23
Sandeep Maurya,2019-08-06 14:39:14
Sandeep Maurya,2019-08-06 14:36:45
Saarang Tiwari,2019-08-06 13:33:53
Sandeep Maurya,2019-06-14 07:41:40
Sandeep Maurya,2019-06-14 07:39:50
Snm Maurya,2019-04-17 03:34:13
Sandeep Maurya,2019-04-16 13:40:54
saarangdev,2019-04-16 12:14:22
Snm Maurya,2019-04-13 09:33:32
Snm Maurya,2019-04-13 08:47:38
Sandeep Maurya,2019-04-13 08:40:16
saarangdev,2019-04-13 08:38:35
Sandeep Maurya,2019-04-12 08:01:50
saarangdev,2019-04-12 06:44:46
saarangdev,2019-04-12 06:36:25
saarangdev,2019-04-12 06:25:29
saarangdev,2019-04-11 08:52:21
saarangdev,2019-04-11 08:44:25
saarangdev,2019-04-09 08:39:16
saarangdev,2019-04-09 08:21:28
saarangdev,2019-04-08 15:08:20
saarangdev,2019-04-08 14:55:33
Snm Maurya,2019-02-04 14:25:25
Snm Maurya,2019-02-01 14:12:23
deploy.sh,2018-10-05 13:14:02
deploy.sh,2018-10-05 12:55:57
deploy.sh,2018-09-14 08:01:28
deploy.sh,2018-08-08 08:54:30
deploy.sh,2018-08-08 08:50:59
Robert Lord,2018-07-05 23:32:01
Robert Lord,2018-07-05 23:28:32
Robert Lord,2018-07-05 23:28:05
Nick Busey,2018-07-05 22:18:22
deploy.sh,2018-06-23 13:15:46
deploy.sh,2018-06-21 06:17:11
Grey Baker,2018-05-21 19:48:49
deploy.sh,2018-05-18 13:33:11
deploy.sh,2018-05-18 13:31:31
deploy.sh,2018-05-18 13:19:19
deploy.sh,2018-05-18 13:16:35
deploy.sh,2018-05-18 13:15:29
deploy.sh,2018-05-18 13:11:44
deploy.sh,2018-04-28 10:01:28
Ricardo Castro,2018-04-25 02:11:26
Sebastian Zaremba,2018-04-25 02:10:12
deploy.sh,2018-04-22 06:47:51
deploy.sh,2018-04-21 11:26:58
deploy.sh,2018-04-21 11:09:43
deploy.sh,2018-04-21 10:52:17
deploy.sh,2018-04-21 10:50:53
deploy.sh,2018-04-21 10:48:42
deploy.sh,2018-04-21 10:42:11
deploy.sh,2018-04-21 08:20:00
deploy.sh,2018-04-21 08:16:02
deploy.sh,2018-04-20 19:56:57
deploy.sh,2018-04-20 19:54:26
deploy.sh,2018-04-20 19:37:41
deploy.sh,2018-04-20 11:06:43
deploy.sh,2018-04-20 08:26:12
deploy.sh,2018-04-19 18:34:45
deploy.sh,2018-04-19 14:54:19
Neeraj,2018-04-19 11:48:50
snmmaurya,2018-04-15 04:43:42
Jerome Dahdah,2018-03-01 16:33:14
Jerome Dahdah,2018-02-27 15:47:55
al-tr,2018-02-27 15:47:22
Andrey Fedorov,2018-02-08 20:22:41
Andrey Fedorov,2018-02-05 18:51:09
Andrey Fedorov,2018-02-05 18:50:41
Samuel Cousin,2018-01-28 21:22:19
Dan Levy,2018-01-28 21:21:01
Robert Lord,2018-01-20 19:08:14
Robert Lord,2018-01-20 18:41:03
Tomi Takussaari,2018-01-20 18:37:44
Robert Lord,2018-01-19 20:13:11
Robert Lord,2018-01-19 19:57:35
Robert Lord,2018-01-19 19:52:04
Emir Ribić,2017-12-04 15:57:10
Gregor Martynus,2017-11-29 00:26:02
Robert Lord,2017-11-23 21:09:21
Robert Lord,2017-11-23 18:40:00
Robert Lord,2017-11-23 18:23:52
Martius,2017-11-23 17:53:50
Vladimir Morozov,2017-11-09 15:14:43
Robert Lord,2017-10-30 05:30:04
Jay Thomas,2017-10-30 05:11:55
Robert Lord,2017-10-30 05:06:37
Ben,2017-09-30 21:39:15
Robert Lord,2017-09-16 19:43:57
Mohammad Hossein Rabiee,2017-09-16 19:43:17
Zach Toolson,2017-09-14 04:17:16
Fouad Matin,2017-09-06 18:59:08
Nicolas Bonduel,2017-08-09 21:00:55
Marian Friedmann,2017-07-27 15:19:11
Christian Oliff,2017-07-22 18:30:23
Diego,2017-07-20 18:01:19
PotHix,2017-07-20 18:00:30
Abdullah Hashim,2017-07-20 17:28:53
Alejandro Aguirre,2017-07-18 03:31:24
Robert Lord,2017-07-17 18:44:09
Robert Lord,2017-07-17 18:27:53
Robert Lord,2017-07-17 18:25:52
Robert Lord,2017-07-17 18:17:09
Robert Lord,2017-07-17 18:08:57
Robert Lord,2017-07-07 06:32:43
Steve Brandwood,2017-06-29 21:55:44
Evan Ng,2017-06-22 20:37:17
eliat123,2017-06-19 06:15:59
Robert Lord,2017-06-15 20:20:55
Robert Lord,2017-06-15 20:05:03
Robert Lord,2017-06-15 19:52:42
Robert Lord,2017-06-15 19:34:34
Robert Lord,2017-06-15 19:24:17
Robert Lord,2017-06-15 19:10:43
Robert Lord,2017-06-15 19:08:41
Robert Lord,2017-06-15 19:03:35
Joshua Woodward,2017-06-15 18:09:30
Ihor Omelchenko,2017-05-14 18:25:36
Alyss Noland,2017-04-06 22:33:46
Benjamin Chenebault,2017-03-31 19:57:15
Robert Lord,2017-03-31 19:56:09
Robert Lord,2017-03-31 19:50:37
Robert Lord,2017-03-29 03:25:47
Robert Lord,2017-03-20 18:28:26
Robert Lord,2017-03-06 21:24:22
Robert Lord,2017-03-02 16:39:38
Robert Lord,2017-03-02 16:39:37
Robert Lord,2017-03-02 16:39:37
Matt Billock,2017-02-28 18:35:58
Robert Lord,2017-02-24 18:06:55
Robert Lord,2017-02-24 17:57:39
Robert Lord,2017-02-24 17:22:22
Robert Lord,2017-02-24 06:39:40
Robert Lord,2017-02-24 03:54:49
Robert Lord,2017-02-24 03:54:36
Harry Eng,2017-02-24 03:50:02
Kevin Glowacz,2017-02-24 03:50:02
Robert Lord,2017-02-24 03:50:02
Robert Lord,2017-02-24 03:50:02
Robert Lord,2017-02-24 03:50:02
Robert Lord,2017-02-24 03:50:02
Robert Lord,2017-02-24 03:50:02
Paulo Coghi,2017-02-24 03:50:02
halfcrazy,2017-02-24 03:50:02
Vasyl Boroviak,2017-02-24 03:50:02
Robert Lord,2017-02-24 03:50:02
Robert Lord,2017-02-24 03:50:02
Ricky Rauch,2017-02-19 21:58:58
Robert Lord,2016-12-16 09:52:40
Robert Lord,2016-11-24 17:26:10
Robert Lord,2016-11-24 17:26:10
Robert Lord,2016-11-24 17:26:10
Robert Lord,2016-11-24 17:26:10
Luke Hoersten,2016-11-24 17:26:10
Robert Lord,2016-11-24 17:26:10
Robert Lord,2016-11-24 17:26:10
Robert Lord,2016-11-24 17:26:10
Robert Lord,2016-11-24 17:26:10
Robert Lord,2016-11-24 17:26:10
kissrain,2016-11-24 17:26:10
Michael Schramm,2016-11-24 17:26:10
Robert Lord,2016-11-24 17:26:10
Robert Lord,2016-11-24 17:26:10
Robert Lord,2016-11-24 17:26:10
Robert Lord,2016-11-24 17:26:10
Robert Lord,2016-11-24 17:26:10
alliedsteel,2016-09-15 16:19:59
Robert Lord,2016-06-11 14:51:34
Robert Lord,2016-06-11 14:50:23
Robert Lord,2016-06-11 14:49:56
Robert Lord,2016-06-11 03:05:39
Robert Lord,2016-06-11 02:58:16
Robert Lord,2016-06-10 22:23:21
Robert Lord,2016-05-24 14:33:49
Robert Lord,2016-05-24 05:09:57
James Monger,2016-04-21 10:38:08
Robert Lord,2016-03-08 22:23:19
Robert Lord,2016-03-02 02:46:01
Robert Lord,2016-03-02 02:44:01
Robert Lord,2016-03-02 02:43:54
BaButtons,2016-02-25 20:23:17
Robert Lord,2016-02-11 22:42:51
Prayag Verma,2016-02-10 18:17:10
Robert Lord,2016-02-03 22:19:16
Robert Lord,2016-01-31 18:42:35
Robert Lord,2016-01-31 18:41:11
Tariq Islam,2016-01-30 00:16:13
Robert Lord,2016-01-27 23:07:02
Robert Lord,2016-01-27 22:50:19
Robert Lord,2016-01-27 22:48:16
Robert Lord,2016-01-27 22:41:30
Robert Lord,2016-01-27 22:36:01
Robert Lord,2016-01-27 22:35:39
Robert Lord,2016-01-27 22:30:19
Robert Lord,2016-01-27 21:53:28
Robert Lord,2016-01-27 21:50:34
Robert Lord,2016-01-27 08:00:01
Robert Lord,2016-01-27 07:37:16
Robert Lord,2016-01-27 07:18:58
Robert Lord,2016-01-27 06:53:24
Robert Lord,2016-01-27 06:45:32
Robert Lord,2016-01-27 00:41:22
Eric Caron,2016-01-26 21:54:36
Eric Caron,2016-01-26 21:54:36
Robert Lord,2016-01-26 21:39:37
Robert Lord,2016-01-26 19:10:36
Robert Lord,2016-01-26 19:03:37
Robert Lord,2016-01-26 18:55:22
Robert Lord,2016-01-26 18:53:06
Robert Lord,2016-01-26 18:52:42
Robert Lord,2016-01-26 18:52:33
Robert Lord,2016-01-26 18:52:03
Robert Lord,2016-01-26 18:07:22
Robert Lord,2016-01-17 23:35:19
Jack Peterson,2016-01-17 22:34:19
Robert Lord,2016-01-09 05:46:11
François Benaiteau,2016-01-08 11:31:33
Robert Lord,2016-01-02 20:29:48
Adrian Perez,2016-01-02 00:51:06
Adrian Perez,2016-01-01 23:51:00
Robert Lord,2015-12-20 06:03:15
Zach Panzarino,2015-12-19 03:51:49
Robert Lord,2015-12-09 02:55:30
ReadmeCritic,2015-12-08 20:22:18
Robert Lord,2015-11-18 18:45:31
Jared King,2015-11-18 17:10:10
Robert Lord,2015-11-17 21:17:50
Álex González,2015-11-17 12:53:34
Robert Lord,2015-11-16 20:35:40
Evan Tahler,2015-11-16 18:53:18
Robert Lord,2015-11-14 00:13:28
Joe Huss,2015-11-12 06:01:14
Robert Lord,2015-11-05 22:58:26
Dave Powers,2015-11-05 14:41:24
Dave Powers,2015-11-05 14:39:07
Dave Powers,2015-11-04 19:15:23
Robert Lord,2015-10-22 21:18:37
Michael Flaxman,2015-10-22 16:35:29
Robert Lord,2015-10-12 01:25:45
Rex Posadas,2015-10-11 19:57:44
Robert Lord,2015-10-09 03:00:48
Marc Guyer,2015-10-08 14:09:27
Marc Guyer,2015-10-06 21:21:17
Marc Guyer,2015-10-06 21:12:55
Marc Guyer,2015-10-06 20:48:51
Marc Guyer,2015-10-06 20:43:01
Marc Guyer,2015-10-06 20:41:22
Robert Lord,2015-10-06 17:19:59
Robert Lord,2015-09-30 19:38:46
Rouven Weßling,2015-09-30 15:56:34
Robert Lord,2015-09-28 17:32:44
Andreas Madsack,2015-09-28 15:03:48
Robert Lord,2015-09-23 05:16:18
Brett Porter,2015-09-23 05:09:13
Robert Lord,2015-08-27 23:57:34
Romain Pomier,2015-08-27 09:09:28
Robert Lord,2015-08-13 21:15:06
Victor Quinn,2015-08-13 20:44:05
Victor Quinn,2015-08-13 19:54:18
Robert Lord,2015-08-08 16:48:37
Gabriel Falkenberg,2015-08-08 15:23:29
Robert Lord,2015-08-06 14:26:01
Richard Lee,2015-08-06 10:40:17
Richard Lee,2015-08-06 08:58:57
Robert Lord,2015-08-05 18:16:19
Richard Lee,2015-08-05 15:31:44
Robert Lord,2015-08-05 15:25:12
Dhiren Audich,2015-08-05 15:04:29
Robert Lord,2015-08-04 16:50:02
Pierre-Baptiste Béchu,2015-08-04 09:42:21
Robert Lord,2015-07-29 21:35:00
Ivan Matyunin,2015-07-29 20:50:28
Tariq Islam,2015-07-27 19:33:43
Robert Lord,2015-07-16 16:18:37
Rezan Achmad,2015-07-16 07:09:59
Robert Lord,2015-07-07 01:54:45
Robert Lord,2015-07-02 14:55:16
niftylettuce,2015-07-02 07:04:14
Robert Lord,2015-06-28 19:44:12
Robert Lord,2015-06-28 19:34:24
John Ferlito,2015-06-27 06:33:07
Tariq Islam,2015-06-22 11:29:59
Robert Lord,2015-06-20 05:54:06
Robert Lord,2015-06-20 05:53:20
Robert Lord,2015-06-20 05:49:25
Robert Lord,2015-06-20 05:04:02
Robert Lord,2015-06-20 04:48:56
Robert Lord,2015-06-20 04:17:27
Robert Lord,2015-06-20 04:05:46
Robert Lord,2015-06-20 03:33:54
Robert Lord,2015-06-16 14:36:10
Rezan Achmad,2015-06-16 07:47:17
Robert Lord,2015-06-10 22:00:10
Akil Burgess,2015-06-10 21:48:22
Robert Lord,2015-06-03 01:32:20
Rouven Weßling,2015-06-02 21:02:41
Robert Lord,2015-06-01 22:15:11
Rouven Weßling,2015-06-01 21:27:03
Robert Lord,2015-06-01 00:54:38
Robert Lord,2015-06-01 00:53:49
Rouven Weßling,2015-05-31 22:38:54
Rouven Weßling,2015-05-31 22:38:54
Rouven Weßling,2015-05-31 22:29:57
Rouven Weßling,2015-05-31 22:11:21
Robert Lord,2015-05-31 21:14:17
Rouven Weßling,2015-05-31 18:20:58
Robert Lord,2015-05-29 03:07:56
MK,2015-05-28 22:41:56
Robert Lord,2015-05-20 00:07:59
Robert Lord,2015-05-20 00:07:29
Robert Lord,2015-05-19 20:37:39
Maks3w,2015-05-18 14:33:31
Maks3w,2015-05-18 08:26:22
Maks3w,2015-05-18 08:25:21
Maks3w,2015-05-18 08:25:17
Maks3w,2015-05-18 07:58:08
Tariq Islam,2015-05-01 07:24:21
Robert Lord,2015-04-30 21:01:45
Robert Lord,2015-04-30 21:01:45
Nik Samokhvalov,2015-04-30 21:01:44
Rouven Weßling,2015-04-30 21:01:44
German Attanasio Ruiz,2015-04-30 21:01:44
Chrisovalantis Kefalidis,2015-04-30 21:01:19
Chrisovalantis Kefalidis,2015-04-30 21:01:19
Chrisovalantis Kefalidis,2015-04-30 21:01:19
Chrisovalantis Kefalidis,2015-04-30 21:01:19
Chrisovalantis Kefalidis,2015-04-30 21:01:19
Chrisovalantis Kefalidis,2015-04-30 21:01:18
Chrisovalantis Kefalidis,2015-04-30 21:01:18
Chrisovalantis Kefalidis,2015-04-30 21:01:18
Chrisovalantis Kefalidis,2015-04-30 21:01:18
Chrisovalantis Kefalidis,2015-04-30 21:01:18
Chrisovalantis Kefalidis,2015-04-30 21:01:18
Rouven Weßling,2015-04-30 21:01:18
Rouven Weßling,2015-04-30 21:01:18
Rouven Weßling,2015-04-30 21:01:18
Rouven Weßling,2015-04-30 21:01:18
Rouven Weßling,2015-04-30 21:01:18
Rouven Weßling,2015-04-30 21:01:17
Rouven Weßling,2015-04-30 21:01:17
Rouven Weßling,2015-04-30 21:01:17
Rouven Weßling,2015-04-30 21:01:17
Matthias Kadenbach,2015-04-30 21:01:17
Robert Lord,2015-04-30 20:31:56
Norton Wang,2015-04-29 22:14:36
Robert Lord,2015-04-23 19:21:56
Konstantin Pavlov,2015-04-23 18:33:40
Robert Lord,2015-04-22 02:35:37
David Stanley,2015-04-21 22:57:48
Robert Lord,2015-04-21 19:46:41
Jordan Walsh,2015-04-21 09:06:15
Robert Lord,2015-04-15 18:28:37
Elliot Lee,2015-04-15 03:24:31
Robert Lord,2015-04-09 00:57:01
André Tavares,2015-04-08 14:17:00
Robert Lord,2015-03-17 18:12:49
xunzhang,2015-03-17 04:27:07
Robert Lord,2015-03-12 18:29:58
Adam Stylo,2015-03-12 15:55:09
Robert Lord,2015-02-24 18:21:37
Robert Lord,2015-02-24 18:19:34
Simon Tennant,2015-02-24 14:37:39
Robert Lord,2015-02-23 22:12:38
Mehul Kar,2015-02-23 19:05:57
Simon Tennant,2015-02-19 16:23:38
Simon Tennant,2015-02-19 15:05:18
Tariq Islam,2015-01-28 13:44:25
Robert Lord,2015-01-24 02:54:24
Robert Lord,2015-01-24 02:39:40
Robert Lord,2015-01-24 02:27:55
Tariq Islam,2015-01-20 17:51:28
Robert Lord,2015-01-15 18:40:54
Robert Lord,2015-01-15 18:39:39
Stefanie Nickerson,2015-01-15 11:42:31
Robert Lord,2015-01-12 04:26:21
Codestar,2015-01-11 13:09:07
Robert Lord,2015-01-05 20:52:49
zdenekdrahos,2014-12-27 10:47:30
Robert Lord,2014-12-04 23:42:01
Robert Lord,2014-12-04 23:39:17
Tariq Islam,2014-12-04 20:40:45
Robert Lord,2014-11-14 03:28:00
Robert Lord,2014-11-13 20:53:35
Derek Myers,2014-11-12 20:14:20
Robert Lord,2014-11-06 02:56:48
Tariq Islam,2014-11-05 06:31:35
Robert Lord,2014-11-02 19:42:41
Robert Lord,2014-10-24 18:48:04
Gordon Zheng,2014-10-24 04:39:21
Robert Lord,2014-10-14 18:47:00
xmo-odoo,2014-10-14 10:00:40
Tariq Islam,2014-10-10 06:59:45
Robert Lord,2014-10-10 05:51:33
Joel Richards,2014-10-10 05:51:33
fermayo,2014-10-10 05:51:03
Robert Lord,2014-10-10 00:05:30
Kevin Adams,2014-10-09 21:59:06
Kevin Adams,2014-10-08 23:38:46
Robert Lord,2014-10-05 19:31:43
Przemek Sobstel,2014-10-05 10:08:22
Tariq Islam,2014-08-21 18:32:35
Kennedy,2014-08-21 17:56:35
Tariq Islam,2014-08-13 16:08:41
Robert Lord,2014-07-28 06:21:24
Robert Lord,2014-07-17 16:41:10
Robert Lord,2014-07-17 16:37:42
Sam Dozor,2014-07-16 20:53:38
Robert Lord,2014-07-15 05:34:58
Moiz Virani,2014-07-14 21:33:06
Robert Lord,2014-07-10 05:41:31
Tariq Islam,2014-07-08 19:56:19
Robert Lord,2014-07-03 07:11:02
Robert Lord,2014-07-03 07:05:23
Robert Lord,2014-07-03 07:01:48
Robert Lord,2014-07-03 06:43:25
Robert Lord,2014-07-03 06:38:17
Robert Lord,2014-07-03 05:46:14
Robert Lord,2014-07-03 05:34:58
Robert Lord,2014-06-25 05:34:25
Robert Lord,2014-06-24 08:03:39
Robert Lord,2014-06-24 06:16:58
Robert Lord,2014-06-24 06:15:31
Robert Lord,2014-06-24 06:14:37
Robert Lord,2014-06-22 10:14:38
Robert Lord,2014-06-22 10:10:26
Robert Lord,2014-06-22 09:41:16
Robert Lord,2014-06-22 09:37:01
Robert Lord,2014-06-22 09:33:55
Robert Lord,2014-06-22 09:02:14
Tariq Islam,2014-06-22 07:16:07
Robert Lord,2014-06-16 19:09:08
Robert Lord,2014-06-16 05:34:25
Robert Lord,2014-06-15 02:43:37
Robert Lord,2014-06-15 02:41:08
Robert Lord,2014-06-15 02:19:48
Robert Lord,2014-06-15 01:55:32
Robert Lord,2014-06-12 23:04:52
Robert Lord,2014-06-12 23:02:41
Robert Lord,2014-06-12 08:48:53
Robert Lord,2014-06-12 08:39:37
Robert Lord,2014-06-12 08:32:25
Robert Lord,2014-06-12 07:51:50
Robert Lord,2014-06-12 07:32:50
Robert Lord,2014-06-12 07:01:52
Robert Lord,2014-06-12 06:09:04
Robert Lord,2014-06-12 05:10:31
Robert Lord,2014-06-12 05:04:08
Robert Lord,2014-06-12 04:58:33
Robert Lord,2014-06-12 04:49:37
Robert Lord,2014-06-12 04:21:28
Robert Lord,2014-06-12 04:15:26
Robert Lord,2014-05-19 06:08:13
bootstraponline,2014-05-18 16:29:03
Robert Lord,2014-05-16 01:39:20
Mark Stetzer,2014-05-15 20:14:02
Robert Lord,2014-05-09 16:29:49
Christopher Rogers,2014-05-08 02:39:16
Robert Lord,2014-05-05 16:16:45
Robert Lord,2014-05-05 15:51:40
Tariq Islam,2014-05-04 00:22:36
bootstraponline,2014-04-28 01:50:33
Robert Lord,2014-04-27 23:15:17
bootstraponline,2014-04-27 20:32:11
bootstraponline,2014-04-26 14:23:57
Robert Lord,2014-04-22 17:50:12
Robert Lord,2014-04-22 15:18:44
Robert Lord,2014-04-22 15:07:52
Robert Lord,2014-04-21 16:18:44
Robert Lord,2014-04-21 16:10:36
Robert Lord,2014-04-21 16:05:07
Robert Lord,2014-04-21 15:56:00
Robert Lord,2014-04-21 15:31:32
Robert Lord,2014-04-21 15:02:18
bootstraponline,2014-04-20 02:01:56
Robert Lord,2014-04-20 01:36:15
Robert Lord,2014-04-20 01:36:00
Robert Lord,2014-04-19 22:04:23
Robert Lord,2014-04-19 21:58:42
Robert Lord,2014-04-19 21:18:21
Robert Lord,2014-04-17 17:46:29
Robert Lord,2014-04-17 16:08:32
Robert Lord,2014-04-17 15:27:03
bootstraponline,2014-04-17 00:37:57
Christopher Rogers,2014-04-16 22:05:05
Christopher Rogers,2014-04-16 21:11:43
Christopher Rogers,2014-04-16 21:03:58
Tariq Islam,2014-04-16 06:11:47
Christopher Rogers,2014-04-15 18:44:56
Christopher Rogers,2014-04-15 18:40:45
Christopher Rogers,2014-04-15 16:02:32
Robert Lord,2014-04-14 16:34:06
Christopher Rogers,2014-04-12 03:36:03
Christopher Rogers,2014-04-12 01:01:55
Christopher Rogers,2014-04-11 17:27:15
Christopher Rogers,2014-04-11 00:47:01
Christopher Rogers,2014-04-11 00:46:39
Christopher Rogers,2014-04-11 00:05:42
Tariq Islam,2014-04-10 09:42:19
Christopher Rogers,2014-04-10 01:12:55
Christopher Rogers,2014-04-10 01:12:05
Christopher Rogers,2014-04-09 21:54:23
Christopher Rogers,2014-04-09 21:45:41
Christopher Rogers,2014-04-09 21:14:24
Robert Lord,2014-04-07 16:03:45
Tariq Islam,2014-04-01 17:03:13
Robert Lord,2014-04-01 15:17:05
Robert Lord,2014-04-01 15:13:54
Tariq Islam,2014-03-31 08:02:42
Robert Lord,2014-03-31 02:53:27
Robert Lord,2014-03-31 02:46:48
Robert Lord,2014-03-31 02:44:30
Robert Lord,2014-03-31 02:42:54
Marcio Lima,2014-03-28 15:29:31
Tariq Islam,2014-03-25 18:38:04
Robert Lord,2014-03-22 01:13:49
Robert Lord,2014-03-22 01:07:19
Robert Lord,2014-03-22 01:06:36
Tariq Islam,2014-02-18 20:55:34
Robert Lord,2014-02-18 20:39:33
Tariq Islam,2014-02-14 20:13:19
Robert Lord,2014-02-08 01:06:23
Robert Lord,2014-01-13 23:24:17
Robert Lord,2014-01-11 17:13:38
Robert Lord,2014-01-11 06:10:07
Robert Lord,2014-01-10 20:27:39
Robert Lord,2014-01-01 00:34:19
Robert Lord,2013-12-20 23:37:48
Robert Lord,2013-12-20 23:26:52
Robert Lord,2013-12-20 18:44:14
Robert Lord,2013-12-20 00:45:06
Robert Lord,2013-12-04 19:42:22
Robert Lord,2013-11-18 19:39:47
Robert Lord,2013-11-18 19:10:08
Robert Lord,2013-11-18 19:00:50
Robert Lord,2013-11-18 18:45:01
Robert Lord,2013-11-18 18:39:18
Robert Lord,2013-11-18 18:31:36
Robert Lord,2013-11-18 17:31:28
Robert Lord,2013-11-18 17:31:07
Robert Lord,2013-11-18 17:08:24
Robert Lord,2013-11-18 17:00:12
Robert Lord,2013-10-31 20:44:02
Robert Lord,2013-10-31 19:26:07
Robert Lord,2013-10-31 18:41:25
Robert Lord,2013-10-31 17:56:54
Robert Lord,2013-10-31 17:54:54
Robert Lord,2013-10-29 17:40:07
Robert Lord,2013-10-25 18:41:13
Robert Lord,2013-10-25 18:39:53
Robert Lord,2013-10-25 18:33:19
Robert Lord,2013-10-21 22:17:35
Robert Lord,2013-10-21 21:09:38
Robert Lord,2013-10-21 04:14:19
Robert Lord,2013-10-16 20:26:42
Robert Lord,2013-10-16 20:01:47
Robert Lord,2013-10-16 19:45:00
Robert Lord,2013-10-14 22:35:26
Robert Lord,2013-10-11 22:55:46
Robert Lord,2013-10-11 18:55:42
Robert Lord,2013-10-11 18:30:08
Robert Lord,2013-10-11 18:28:04
Robert Lord,2013-10-11 17:59:06
Robert Lord,2013-10-10 17:16:32
Robert Lord,2013-10-09 22:18:14
Robert Lord,2013-10-08 16:37:51
Robert Lord,2013-10-07 21:47:09
Robert Lord,2013-10-07 19:49:12
Robert Lord,2013-10-07 19:48:15
Robert Lord,2013-10-07 19:30:32
Robert Lord,2013-10-07 19:29:37
Robert Lord,2013-10-07 19:29:19
Robert Lord,2013-10-07 19:28:33
Robert Lord,2013-10-04 01:02:49
Robert Lord,2013-10-04 01:02:18
Robert Lord,2013-10-04 00:57:35
Robert Lord,2013-10-04 00:30:50
Robert Lord,2013-10-04 00:24:37
Robert Lord,2013-10-03 23:54:40
Robert Lord,2013-10-03 21:58:18
Robert Lord,2013-10-01 20:32:30
Robert Lord,2013-09-27 20:42:57
Robert Lord,2013-09-27 20:37:36
Robert Lord,2013-09-25 17:15:59
Robert Lord,2013-09-24 21:54:42
Robert Lord,2013-09-24 19:25:12
Robert Lord,2013-09-24 17:35:33
Robert Lord,2013-09-24 16:47:40
Robert Lord,2013-09-24 16:39:19
Robert Lord,2013-09-23 19:06:39
Robert Lord,2013-09-23 17:38:13
Robert Lord,2013-09-17 22:44:08
Robert Lord,2013-09-13 22:32:37
Robert Lord,2013-09-13 22:24:31
Robert Lord,2013-09-13 22:19:33
Robert Lord,2013-09-13 22:15:24
Sandeep Maurya,2019-09-19 13:01:28
Manoj Kumawat,2019-09-19 10:30:08
Manoj Kumawat,2019-09-19 10:23:18
Thiago Pradi,2019-03-11 02:49:15
Thiago Pradi,2019-03-11 02:36:02
Thiago Pradi,2019-03-11 02:35:22
Thiago Pradi,2019-03-11 02:34:26
kyuden,2019-03-04 15:41:19
kyuden,2019-03-04 14:30:16
Craig McNamara,2019-01-25 18:39:30
Ken Hart,2018-11-13 23:57:48
Thiago Pradi,2018-10-31 01:17:15
Thiago Pradi,2018-10-31 01:16:08
Thiago Pradi,2018-10-31 01:13:16
Thiago Pradi,2018-10-31 01:08:56
Thiago Pradi,2018-10-31 01:07:59
Thiago Pradi,2018-10-31 01:00:46
Thiago Pradi,2018-10-31 00:57:24
Thiago Pradi,2018-10-21 23:50:31
Thiago Pradi,2018-10-21 22:55:58
Thiago Pradi,2018-10-21 22:40:19
Michael Hines,2018-10-19 13:42:31
Thiago Pradi,2018-10-16 03:04:53
Thiago Pradi,2018-10-16 03:03:36
Thiago Pradi,2018-10-16 03:02:00
Thiago Pradi,2018-10-16 02:59:30
Kevin Coleman,2018-10-15 23:13:39
Kevin Coleman,2018-10-15 16:27:27
Kevin Coleman,2018-10-15 16:24:28
Kevin Coleman,2018-10-15 02:21:39
Kevin Coleman,2018-10-15 02:21:15
Kevin Coleman,2018-10-15 02:12:40
Kevin Coleman,2018-10-12 21:54:53
Kevin Coleman,2018-10-12 20:44:33
Kevin Coleman,2018-10-12 20:44:13
Tomoki Sekiyama,2018-07-02 12:19:55
Matthew Hirst,2018-07-02 09:41:46
Matthew Hirst,2018-06-29 11:04:34
Matthew Hirst,2018-06-29 10:37:00
Thiago Pradi,2018-06-04 03:49:06
Thiago Pradi,2018-06-04 03:48:37
Thiago Pradi,2018-06-04 03:46:16
Thiago Pradi,2018-06-04 03:38:14
Thiago Pradi,2018-06-04 03:37:07
Thiago Pradi,2018-06-04 03:16:51
Thiago Pradi,2018-06-04 03:12:34
Thiago Pradi,2018-06-04 02:36:54
Thiago Pradi,2018-06-04 02:35:01
Thiago Pradi,2018-06-04 02:33:11
Thiago Pradi,2018-06-04 02:25:44
Thiago Pradi,2018-06-04 02:25:06
Thiago Pradi,2018-06-04 02:20:15
Thiago Pradi,2018-06-04 02:18:51
Thiago Pradi,2018-06-04 02:02:57
Tomoki Sekiyama,2018-05-15 02:01:53
Tomoki Sekiyama,2018-04-19 09:08:15
Tomoki Sekiyama,2018-04-19 09:08:15
Tomoki Sekiyama,2018-04-19 09:08:15
Tomoki Sekiyama,2018-04-19 09:08:15
Tomoki Sekiyama,2018-04-19 09:08:15
Erik Rothoff Andersson,2018-04-17 10:15:13
Erik Rothoff Andersson,2018-04-17 09:58:33
Erik Rothoff Andersson,2018-04-16 16:00:40
Tomoki Sekiyama,2018-04-04 03:43:19
Thiago Pradi,2018-02-18 20:32:05
Thiago Pradi,2018-02-18 20:15:10
Thiago Pradi,2018-02-18 20:04:59
Thiago Pradi,2018-02-18 19:55:55
Zachary Wright,2018-02-15 13:00:05
Zachary Wright,2018-02-14 15:25:12
Zachary Wright,2018-02-14 15:12:41
Zachary Wright,2018-02-14 14:49:22
Chris Estreich,2017-11-07 21:15:54
Chris Estreich,2017-11-07 05:49:21
Thiago Pradi,2017-11-05 19:06:44
Thiago Pradi,2017-11-04 18:30:34
Thiago Pradi,2017-11-04 18:22:02
Thiago Pradi,2017-11-04 18:07:36
Thiago Pradi,2017-11-04 17:49:34
Thiago Pradi,2017-11-04 17:38:25
Thiago Pradi,2017-11-04 17:23:27
Thiago Pradi,2017-11-04 00:31:16
Thiago Pradi,2017-11-02 20:59:26
Thiago Pradi,2017-11-02 20:26:50
Thiago Pradi,2017-11-02 20:14:59
Thiago Pradi,2017-11-02 19:08:45
Attila Domokos,2017-10-31 20:33:55
Thiago Pradi,2017-10-31 02:34:17
Thiago Pradi,2017-10-31 02:08:14
Skylar Graika,2017-09-16 22:29:28
Skylar Graika,2017-09-16 22:22:12
Skylar Graika,2017-09-16 22:13:21
Skylar Graika,2017-09-16 21:40:41
Skylar Graika,2017-09-16 19:49:19
Thiago Pradi,2017-07-18 03:38:36
Thiago Pradi,2017-07-18 02:38:16
Thiago Pradi,2017-07-16 19:07:54
Yuri Niyazov,2017-06-12 21:31:27
Thiago Pradi,2017-06-05 03:11:58
Thiago Pradi,2017-06-05 03:11:46
Thiago Pradi,2017-06-05 02:53:44
Thiago Pradi,2017-06-05 02:31:58
Thiago Pradi,2017-06-05 02:29:01
Thiago Pradi,2017-06-05 00:45:21
Thiago Pradi,2017-06-05 00:44:50
Thiago Pradi,2017-06-05 00:40:35
Thiago Pradi,2017-06-04 21:53:19
Attila Domokos,2017-06-02 21:58:47
Igor Zubkov,2017-05-24 09:27:08
Igor Zubkov,2017-05-24 08:32:41
takkanm,2017-04-14 08:05:42
Thiago Pradi,2017-04-11 03:23:35
Thiago Pradi,2017-04-11 03:04:21
Thiago Pradi,2017-04-11 02:35:58
Thiago Pradi,2017-04-09 19:32:11
Thiago Pradi,2017-04-09 19:02:20
Thiago Pradi,2017-04-09 18:42:47
Thiago Pradi,2017-04-09 18:04:44
Stan Lo,2017-04-08 06:19:56
Stan Lo,2017-04-08 06:19:56
Stan Lo,2017-04-08 06:19:56
Thiago Pradi,2017-04-02 22:00:37
Thiago Pradi,2017-04-02 19:21:43
Thiago Pradi,2017-04-02 19:15:43
Thiago Pradi,2017-04-02 17:30:17
Thiago Pradi,2017-03-26 19:33:37
Thiago Pradi,2017-03-26 19:28:35
Thiago Pradi,2017-03-26 13:46:08
Thiago Pradi,2017-03-22 01:17:02
James Gibson,2017-03-20 06:07:57
Thiago Pradi,2017-03-17 02:16:57
Thiago Pradi,2017-03-17 02:15:27
Thiago Pradi,2017-03-17 02:13:43
Thiago Pradi,2017-03-17 02:00:54
Thiago Pradi,2017-03-15 03:51:15
Thiago Pradi,2017-03-15 03:40:55
Thiago Pradi,2017-03-15 03:39:40
Thiago Pradi,2017-03-15 03:31:37
Thiago Pradi,2017-03-15 03:23:25
Thiago Pradi,2017-03-15 03:19:17
Thiago Pradi,2017-03-15 03:09:49
Thiago Pradi,2017-03-15 03:07:29
Thiago Pradi,2017-03-15 03:07:06
Thiago Pradi,2017-03-15 03:03:19
Gabe Harms,2017-02-24 16:23:17
Gabe Harms,2017-02-24 16:21:56
Thiago Pradi,2017-01-26 01:21:11
Attila Domokos,2016-12-08 19:33:50
Attila Domokos,2016-12-08 18:54:46
Wojciech Wnętrzak,2016-12-08 11:25:54
Thiago Pradi,2016-12-08 01:32:15
Thiago Pradi,2016-12-08 01:26:53
Thiago Pradi,2016-12-08 01:21:52
Wojciech Wnętrzak,2016-11-29 14:13:19
Thiago Pradi,2016-11-29 00:32:01
Thiago Pradi,2016-11-29 00:15:24
Thiago Pradi,2016-11-29 00:08:01
Thiago Pradi,2016-11-28 23:58:05
Thiago Pradi,2016-11-28 23:47:11
Thiago Pradi,2016-11-28 23:40:13
Omer Katz,2016-10-26 13:50:29
Thiago Pradi,2016-10-17 02:54:40
Thiago Pradi,2016-10-14 03:38:44
Thiago Pradi,2016-10-14 03:35:07
Thiago Pradi,2016-10-14 02:36:32
Thiago Pradi,2016-10-14 02:33:29
Thiago Pradi,2016-10-14 02:26:01
Thiago Pradi,2016-10-14 02:17:10
Thiago Pradi,2016-10-14 01:42:14
Thiago Pradi,2016-10-14 01:35:46
Thiago Pradi,2016-10-14 01:31:04
Thiago Pradi,2016-10-14 01:29:40
Thiago Pradi,2016-10-14 01:28:42
Sobolev Nikita,2016-10-06 17:27:01
DJ Greenfield,2016-08-16 00:20:26
Dan Barry,2016-06-24 21:41:55
Michael Stock,2016-05-12 16:07:42
Nick Marden,2016-03-05 17:29:12
Nick Marden,2016-03-03 21:52:24
James Coleman,2016-02-22 20:57:51
Nick Marden,2016-02-22 20:57:51
Nick Marden,2016-02-22 20:57:51
Nick Marden,2016-02-22 20:55:49
James Coleman,2016-02-22 20:12:18
Nick Marden,2016-02-22 20:08:26
Gabriel Sobrinho,2016-02-13 13:23:23
Misha Conway,2016-02-01 00:23:20
Thiago Pradi,2016-01-30 17:11:20
Gabriel Sobrinho,2016-01-28 15:46:29
Oded Niv,2016-01-28 14:43:30
Oded Niv,2016-01-28 14:40:08
Gabriel Sobrinho,2016-01-28 14:30:54
Gabriel Sobrinho,2016-01-28 14:22:59
Gabriel Sobrinho,2016-01-28 14:20:15
Gabriel Sobrinho,2016-01-28 14:18:48
Gabriel Sobrinho,2016-01-28 14:17:09
Gabriel Sobrinho,2016-01-28 14:16:32
Gabriel Sobrinho,2016-01-28 14:15:09
Vitali Stukov,2016-01-26 10:35:10
Vitali Stukov,2016-01-25 12:06:18
Antonio Filho,2015-12-15 15:32:21
Antonio Filho,2015-12-15 15:19:35
David Judd,2015-10-15 21:08:40
Gabriel Sobrinho,2015-10-09 15:06:01
Gabriel Sobrinho,2015-10-09 14:10:43
Gabriel Sobrinho,2015-10-09 13:31:33
Gabriel Sobrinho,2015-10-09 12:54:08
Gabriel Sobrinho,2015-10-04 20:38:19
Akira Matsuda,2015-09-09 05:25:11
Akira Matsuda,2015-09-09 05:21:08
Gabriel Sobrinho,2015-08-09 19:10:24
Gabriel Sobrinho,2015-08-09 19:07:00
Gabriel Sobrinho,2015-08-09 19:05:08
Gabriel Sobrinho,2015-08-09 19:00:21
ronen barzel,2015-08-06 15:07:52
ferdinand,2015-06-24 07:50:35
Julien Letessier,2015-05-28 21:19:36
Thiago Pradi,2015-03-12 00:57:13
Thiago Pradi,2015-01-20 02:34:13
Thiago Pradi,2015-01-20 02:21:50
Thiago Pradi,2015-01-20 02:07:45
Thiago Pradi,2015-01-20 02:02:48
Thiago Pradi,2015-01-20 01:29:05
Thiago Pradi,2015-01-11 17:34:25
Alexander Dimitrov,2014-12-30 21:30:53
Thiago Pradi,2014-12-18 19:04:34
Thiago Pradi,2014-12-18 19:02:07
weihu_chen,2014-12-17 01:47:00
Mathew Kamkar,2014-11-18 20:04:11
Oded Niv,2014-10-28 07:47:13
Thiago Pradi,2014-10-28 01:09:46
Thiago Pradi,2014-10-24 00:31:02
Thiago Pradi,2014-10-24 00:27:16
Thiago Pradi,2014-10-24 00:26:02
David Judd,2014-10-24 00:20:32
David Judd,2014-10-23 16:15:36
David Judd,2014-10-23 15:53:33
David Judd,2014-10-23 15:49:00
Hu Hailin,2014-10-23 07:02:02
Oded Niv,2014-10-23 06:56:06
Oded Niv,2014-10-23 06:33:48
David Judd,2014-10-23 04:38:06
Thiago Pradi,2014-10-23 02:18:19
Thiago Pradi,2014-10-23 02:13:58
Thiago Pradi,2014-10-23 01:37:55
Thiago Pradi,2014-10-23 01:37:46
Thiago Pradi,2014-10-23 01:22:26
David Judd,2014-10-22 23:37:16
David Judd,2014-10-22 23:20:21
David Judd,2014-10-22 22:50:06
David Judd,2014-10-20 19:50:23
David Judd,2014-10-14 00:37:37
David Judd,2014-10-13 23:58:50
David Judd,2014-10-10 02:49:47
David Judd,2014-10-09 22:05:30
David Judd,2014-10-09 21:18:29
Paritosh,2014-09-30 12:01:08
Hu Hailin,2014-09-30 02:29:04
Hu Hailin,2014-09-30 02:16:31
Thiago Pradi,2014-09-26 13:17:18
Tamir Duberstein,2014-09-26 03:14:09
Thiago Pradi,2014-09-22 01:41:23
Eric Rykwalder,2014-09-15 23:56:01
Oded Niv,2014-09-11 23:47:58
Oded Niv,2014-09-11 21:49:53
Oded Niv,2014-09-10 19:01:26
Oded Niv,2014-09-10 18:00:59
Oded Niv,2014-09-09 21:35:15
Thiago Pradi,2014-08-06 22:18:30
Tamir Duberstein,2014-08-06 03:53:29
Thiago Pradi,2014-08-06 03:27:23
Thiago Pradi,2014-08-06 03:25:07
Thiago Pradi,2014-08-06 03:19:02
Thiago Pradi,2014-08-06 03:18:38
Thiago Pradi,2014-08-06 02:14:19
Thiago Pradi,2014-08-06 02:13:50
Evan Morikawa,2014-08-05 17:00:51
Evan Morikawa,2014-08-05 16:58:14
Thiago Pradi,2014-08-04 21:23:14
Evan Morikawa,2014-08-04 20:08:21
Evan Morikawa,2014-08-04 19:32:51
Evan Morikawa,2014-08-04 19:30:21
Jack Danger Canty,2014-07-28 20:45:20
Tamir Duberstein,2014-07-24 04:56:19
Tamir Duberstein,2014-07-24 04:56:19
Thiago Pradi,2014-07-03 02:02:18
Thiago Pradi,2014-07-03 01:54:43
Thiago Pradi,2014-07-03 01:45:14
Thiago Pradi,2014-07-03 01:33:10
Nick Marden,2014-05-22 15:47:02
Dmitry Krasnoukhov,2014-05-22 14:42:39
Dmitry Krasnoukhov,2014-05-19 13:33:04
Alex Robbin,2014-05-06 14:40:32
Alex Robbin,2014-05-05 21:12:12
Alex Robbin,2014-04-24 01:57:22
Nick Marden,2014-04-23 20:36:07
Yusuke KUOKA,2014-04-22 13:15:53
Yusuke KUOKA,2014-04-22 13:15:53
Yusuke KUOKA,2014-04-22 13:15:53
Yusuke KUOKA,2014-04-22 13:15:53
Yusuke KUOKA,2014-04-22 13:15:53
mumoshu,2014-04-19 09:07:22
Yusuke KUOKA,2014-04-18 08:33:40
Yusuke KUOKA,2014-04-15 06:02:45
Thiago Pradi,2014-03-03 01:16:25
Nick Marden,2014-03-02 22:59:48
Nick Marden,2014-03-02 22:55:49
Nick Marden,2014-03-02 22:55:49
Nick Marden,2014-02-28 22:18:39
Nick Marden,2014-02-28 22:09:15
Nick Marden,2014-02-28 22:08:42
Nick Marden,2014-02-28 22:08:00
Thiago Pradi,2014-02-25 19:22:20
Nick Marden,2014-02-24 18:39:40
Gabriel Sobrinho,2014-02-06 19:37:35
Philippe Dionne,2014-02-06 18:22:18
Thiago Pradi,2014-01-28 02:36:36
Gabriel Sobrinho,2013-12-19 15:28:03
Maxime Garcia,2013-12-19 13:23:37
Thiago Pradi,2013-12-11 03:02:51
Thiago Pradi,2013-12-11 03:00:47
Akira Matsuda,2013-12-10 17:17:06
Thiago Pradi,2013-12-06 02:25:20
Nick Marden,2013-11-30 15:48:49
Nick Marden,2013-11-30 15:48:49
Nick Marden,2013-11-30 15:48:49
Nick Marden,2013-11-30 15:48:48
Thiago Pradi,2013-11-30 11:42:38
Thiago Pradi,2013-11-30 11:15:59
Thiago Pradi,2013-11-30 11:14:06
Nick Marden,2013-11-29 21:39:34
Nick Marden,2013-11-29 20:54:06
Nick Marden,2013-11-26 21:12:22
Nick Marden,2013-11-26 20:39:45
Ryo Nakamura,2013-11-22 01:47:28
Thiago Pradi,2013-11-11 03:16:57
Thiago Pradi,2013-11-09 03:06:03
Thiago Pradi,2013-11-01 02:19:07
Thiago Pradi,2013-11-01 02:17:26
Thiago Pradi,2013-10-15 03:27:54
Thiago Pradi,2013-10-13 20:08:11
gigr,2013-10-10 20:31:00
Thiago Pradi,2013-10-07 03:40:36
Thiago Pradi,2013-10-07 03:39:41
Thiago Pradi,2013-10-07 03:36:12
Thiago Pradi,2013-10-07 03:25:45
Thiago Pradi,2013-10-07 03:07:36
Thiago Pradi,2013-10-07 02:59:14
Thiago Pradi,2013-10-06 20:24:16
Thiago Pradi,2013-10-06 20:06:33
Thiago Pradi,2013-10-06 19:45:36
Thiago Pradi,2013-10-06 19:39:13
Thiago Pradi,2013-10-06 19:33:13
Thiago Pradi,2013-10-06 19:04:06
Thiago Pradi,2013-10-05 14:44:40
Thiago Pradi,2013-10-05 14:25:03
Thiago Pradi,2013-09-30 03:50:56
Thiago Pradi,2013-09-30 03:43:46
Thiago Pradi,2013-09-27 04:27:45
Thiago Pradi,2013-09-26 04:23:11
Thiago Pradi,2013-09-26 04:18:00
Thiago Pradi,2013-09-26 04:11:41
Thiago Pradi,2013-09-26 04:04:14
Thiago Pradi,2013-09-26 03:59:00
Thiago Pradi,2013-09-26 03:29:58
Thiago Pradi,2013-09-26 03:19:53
Nick Marden,2013-09-26 03:15:06
Nick Marden,2013-09-25 20:24:33
Nick Marden,2013-09-25 20:24:33
Thiago Pradi,2013-09-24 02:22:09
Thiago Pradi,2013-09-19 02:03:50
Nick Marden,2013-09-12 13:41:22
Piotr Sarnacki,2013-09-03 11:59:51
Aubrey Holland,2013-09-02 13:12:42
Thiago Pradi,2013-08-19 05:55:36
Aubrey Holland,2013-08-08 18:35:04
Aubrey Holland,2013-08-07 22:07:18
Aubrey Holland,2013-08-07 22:05:30
Aubrey Holland,2013-08-07 21:59:55
Peter M. Goldstein,2013-07-31 20:01:14
Peter M. Goldstein,2013-07-31 19:45:43
Peter M. Goldstein,2013-07-31 19:27:22
Peter M. Goldstein,2013-07-31 19:13:20
Peter M. Goldstein,2013-07-31 19:00:29
Thiago Pradi,2013-07-21 20:19:00
Thiago Pradi,2013-07-21 19:28:46
Thiago Pradi,2013-07-17 02:14:16
Thiago Pradi,2013-07-16 03:25:53
Thiago Pradi,2013-07-10 02:28:36
Thiago Pradi,2013-07-10 02:03:55
Thiago Pradi,2013-07-08 02:28:13
Thiago Pradi,2013-07-08 02:16:16
Thiago Pradi,2013-07-08 01:59:16
Thiago Pradi,2013-07-07 19:53:06
Thiago Pradi,2013-07-07 19:30:37
Thiago Pradi,2013-07-07 19:30:02
Aubrey Holland,2013-07-02 11:41:45
Aubrey Holland,2013-07-01 15:28:20
Aubrey Holland,2013-07-01 15:20:24
Aubrey Holland,2013-07-01 13:38:35
Aubrey Holland,2013-07-01 00:32:35
Aubrey Holland,2013-07-01 00:20:03
Aubrey Holland,2013-07-01 00:17:56
Aubrey Holland,2013-06-28 21:02:28
Aubrey Holland,2013-06-28 20:55:19
Thiago Pradi,2013-05-10 03:58:28
Thiago Pradi,2013-05-08 03:38:05
Thiago Pradi,2013-05-08 03:37:40
Thiago Pradi,2013-05-08 03:29:22
Thiago Pradi,2013-05-08 03:22:44
Thiago Pradi,2013-05-08 03:19:59
Thiago Pradi,2013-05-08 03:08:13
Thiago Pradi,2013-05-07 04:20:25
Thiago Pradi,2013-05-07 04:19:19
Thiago Pradi,2013-05-07 04:16:18
Thiago Pradi,2013-05-07 04:03:28
Thiago Pradi,2013-05-07 03:45:55
Thiago Pradi,2013-05-06 03:50:07
Thiago Pradi,2013-05-05 23:47:01
Thiago Pradi,2013-05-02 02:18:13
Gabriel Sobrinho,2013-04-14 12:40:41
Evan Prothro,2013-04-13 14:46:35
Evan Prothro,2013-04-11 21:25:30
Gabriel Sobrinho,2013-04-10 23:53:57
Evan Prothro,2013-04-10 20:44:39
Gabriel Sobrinho,2013-04-06 20:25:05
Gabriel Sobrinho,2013-04-06 20:14:08
Gabriel Sobrinho,2013-02-19 22:03:34
Shane Mingins,2013-02-19 21:44:59
Gabriel Sobrinho,2013-02-18 11:51:00
Thiago Pradi,2013-02-17 23:19:16
Gabriel Sobrinho,2013-02-17 20:11:50
Gabriel Sobrinho,2013-02-16 20:04:03
Gabriel Sobrinho,2013-02-16 19:43:30
Thiago Pradi,2013-02-16 16:31:03
Thiago Pradi,2013-02-16 16:20:15
Thiago Pradi,2013-02-06 03:52:41
Thiago Pradi,2013-02-05 01:31:21
Thiago Pradi,2013-02-04 03:16:46
Thiago Pradi,2013-02-04 02:39:34
Thiago Pradi,2013-02-04 01:50:21
Thiago Pradi,2013-02-04 01:49:19
Thiago Pradi,2013-02-04 01:28:01
Thiago Pradi,2013-02-01 04:12:29
Thiago Pradi,2013-01-29 03:45:01
Thiago Pradi,2013-01-29 03:40:58
Thiago Pradi,2013-01-29 03:34:43
Thiago Pradi,2013-01-29 03:31:20
Thiago Pradi,2013-01-29 03:26:47
Thiago Pradi,2013-01-29 03:13:38
Thiago Pradi,2013-01-29 03:05:43
Thiago Pradi,2013-01-29 02:52:50
Thiago Pradi,2013-01-29 02:50:10
Thiago Pradi,2013-01-29 02:44:58
Thiago Pradi,2013-01-29 02:36:55
Thiago Pradi,2013-01-29 02:33:04
Thiago Pradi,2013-01-29 02:24:33
Gabriel Sobrinho,2013-01-28 09:54:23
Thiago Pradi,2013-01-28 01:02:45
Thiago Pradi,2013-01-28 00:48:14
Thiago Pradi,2013-01-28 00:32:48
Thiago Pradi,2013-01-28 00:03:04
Thiago Pradi,2013-01-27 16:49:37
Thiago Pradi,2013-01-27 16:24:45
Thiago Pradi,2013-01-27 16:18:46
Thiago Pradi,2013-01-27 16:11:14
Thiago Pradi,2013-01-27 15:42:34
Gabriel Sobrinho,2013-01-26 00:26:22
Alexander Borovsky,2013-01-25 06:13:02
Gabriel Sobrinho,2013-01-23 21:52:32
Gabriel Sobrinho,2013-01-23 21:30:14
Mike Ragalie,2013-01-23 21:21:05
Gabriel Sobrinho,2013-01-23 21:19:23
Mike Ragalie,2013-01-23 21:16:18
Gabriel Sobrinho,2013-01-23 20:58:44
Mike Ragalie,2013-01-23 20:03:22
Gabriel Sobrinho,2013-01-22 23:46:17
Gabriel Sobrinho,2013-01-22 23:44:50
Mike Ragalie,2013-01-20 22:16:12
Mike Ragalie,2013-01-20 22:11:33
Mike Ragalie,2013-01-20 22:07:07
Mike Ragalie,2013-01-20 22:07:07
Gabriel Sobrinho,2013-01-20 10:54:29
Mike Ragalie,2013-01-20 07:59:22
Mike Ragalie,2013-01-20 07:22:07
Gabriel Sobrinho,2013-01-17 00:09:21
bodhi,2013-01-16 22:47:45
Gabriel Sobrinho,2013-01-16 11:13:08
bodhi,2013-01-16 06:44:04
bodhi,2013-01-16 05:52:21
Gabriel Sobrinho,2013-01-15 12:11:02
Terence Lee,2013-01-15 09:49:08
Gabriel Sobrinho,2013-01-11 20:30:13
Gabriel Sobrinho,2013-01-09 17:26:19
Tiago Macedo,2013-01-07 10:28:24
Tobias Schwab,2013-01-06 16:17:01
Gabriel Sobrinho,2013-01-04 23:57:46
Gabriel Sobrinho,2013-01-04 23:56:29
Gabriel Sobrinho,2013-01-04 23:48:52
Gabriel Sobrinho,2013-01-04 23:26:56
Julien Letessier,2013-01-03 16:43:06
Mike Ragalie,2012-11-16 19:03:17
Mike Ragalie,2012-11-13 18:02:41
Gabriel Sobrinho,2012-11-13 17:32:15
Mike Ragalie,2012-11-13 17:21:54
Gabriel Sobrinho,2012-11-13 10:30:34
Gabriel Sobrinho,2012-11-13 10:18:42
Mike Ragalie,2012-11-13 01:39:14
Mike Ragalie,2012-11-13 01:37:53
Mike Ragalie,2012-11-13 01:16:45
Gabriel Sobrinho,2012-11-02 18:56:08
Gabriel Sobrinho,2012-11-02 18:26:42
Gabriel Sobrinho,2012-11-02 18:18:58
Mike Ragalie,2012-11-02 00:11:07
Mike Ragalie,2012-11-01 23:56:17
Mike Ragalie,2012-11-01 23:28:31
Mike Ragalie,2012-11-01 20:58:28
Gabriel Sobrinho,2012-09-22 00:50:17
Jeremy Ruppel,2012-09-19 02:03:11
Gabriel Sobrinho,2012-08-04 13:54:04
Ellis Berner,2012-07-13 08:32:32
Thiago Pradi,2012-06-01 16:28:28
Matt Parker,2012-06-01 15:55:41
Chris Gaffney,2012-03-09 21:24:19
akicho8,2012-03-09 18:16:31
Chris Gaffney,2012-03-08 22:30:27
Chris Gaffney,2012-03-07 20:59:29
Chris Gaffney,2012-03-07 19:42:22
Chris Gaffney,2012-03-01 20:14:13
Chris Gaffney,2012-03-01 19:47:23
Chris Gaffney,2012-03-01 19:01:43
Chris Gaffney,2012-03-01 19:00:28
Chris Gaffney,2012-02-29 22:48:03
Chris Gaffney,2012-02-29 22:40:39
Chris Gaffney,2012-02-29 22:28:41
Chris Gaffney,2012-02-29 22:14:27
Chris Gaffney,2012-02-29 22:08:49
Chris Gaffney,2012-02-29 21:48:45
Chris Gaffney,2012-02-29 19:38:16
Chris Gaffney,2012-02-29 19:02:44
Chris Gaffney,2012-02-29 18:36:21
Chris Gaffney,2012-02-29 18:34:02
Gabriel Sobrinho,2012-01-27 09:40:12
Ivan Kanevski,2012-01-26 23:17:06
Gabriel Sobrinho,2012-01-22 13:40:10
John McGrath,2012-01-21 18:43:40
Thiago Pradi,2012-01-21 01:38:10
Thiago Pradi,2012-01-21 01:36:52
John McGrath,2012-01-21 01:31:48
Ivan Kanevski,2012-01-21 00:57:00
Ivan Kanevski,2012-01-21 00:52:12
Gabriel Sobrinho,2012-01-20 18:34:10
Matthew Sadler,2012-01-09 17:28:11
Matthew Sadler,2012-01-09 11:43:47
Thiago Pradi,2012-01-08 17:45:27
Austin Mills,2011-12-28 05:49:02
Thiago Pradi,2011-12-19 21:05:08
Xavier Shay,2011-12-19 18:51:04
Thiago Pradi,2011-12-15 03:27:23
Thiago Pradi,2011-12-14 01:47:44
Thiago Pradi,2011-12-14 00:43:13
Thiago Pradi,2011-12-14 00:39:22
peer2,2011-11-29 02:27:17
Thiago Pradi,2011-11-25 23:14:20
Ivan Kanevski,2011-11-22 18:56:33
Ivan Kanevski,2011-11-22 09:59:54
Ivan Kanevski,2011-11-21 06:06:37
Ivan Kanevski,2011-11-21 05:16:13
Ivan Kanevski,2011-11-21 05:03:01
Ivan Kanevski,2011-11-20 07:35:57
Ivan Kanevski,2011-11-11 21:51:05
Ivan Kanevski,2011-11-11 21:50:07
Ivan Kanevski,2011-11-09 23:39:21
Ivan Kanevski,2011-11-09 02:31:06
Ivan Kanevski,2011-11-09 01:33:35
Ivan Kanevski,2011-11-08 21:41:54
Ivan Kanevski,2011-11-08 19:39:46
Ivan Kanevski,2011-11-08 06:16:48
Gabriel Sobrinho,2011-08-21 20:29:17
Gabriel Sobrinho,2011-08-21 20:25:14
Gabriel Sobrinho,2011-08-21 20:23:23
Gabriel Sobrinho,2011-08-21 19:52:57
Gabriel Sobrinho,2011-08-21 19:52:57
Thiago Pradi,2011-08-18 22:15:05
Gabriel Sobrinho,2011-08-11 21:06:26
Gabriel Sobrinho,2011-08-11 21:01:33
Gabriel Sobrinho,2011-08-11 21:00:26
Gabriel Sobrinho,2011-08-11 19:55:31
Gabriel Sobrinho,2011-08-11 19:12:30
Gabriel Sobrinho,2011-08-11 18:26:48
Gabriel Sobrinho,2011-08-11 18:25:50
Jordi Romero,2011-07-22 15:51:09
Thiago Pradi,2011-07-03 17:36:57
Thiago Pradi,2011-07-03 17:36:46
Vladimir Bobes Tuzinsky,2011-05-19 05:14:28
Vladimir Bobes Tuzinsky,2011-05-19 02:08:55
Vladimir Bobes Tuzinsky,2011-05-06 14:42:19
Thiago Pradi,2011-04-09 23:08:39
Thiago Pradi,2011-04-09 23:00:56
Thiago Pradi,2011-03-26 17:55:05
Thiago Pradi,2011-03-19 20:19:05
Thiago Pradi,2011-03-19 19:47:00
Thiago Pradi,2011-03-12 21:02:09
Thiago Pradi,2011-03-12 20:55:57
Thiago Pradi,2011-03-12 20:55:35
Thiago Pradi,2011-03-12 20:51:34
Thiago Pradi,2011-02-27 04:10:12
Thiago Pradi,2011-02-24 21:26:03
Thiago Pradi,2011-02-24 21:24:21
Thiago Pradi,2011-02-24 21:23:34
Thomas Pomfret,2011-02-24 10:50:47
Thomas Pomfret,2011-02-23 14:46:18
Thiago Pradi,2011-02-14 03:40:01
Thiago Pradi,2011-02-01 01:31:01
Thiago Pradi,2011-02-01 01:30:32
Thiago Pradi,2011-02-01 01:30:01
Thiago Pradi,2011-02-01 01:28:29
Thiago Pradi,2011-02-01 01:23:02
Thiago Pradi,2011-01-31 23:56:49
Thiago Pradi,2011-01-15 13:00:14
Thiago Pradi,2011-01-10 21:38:28
Thiago Pradi,2011-01-10 21:29:53
Thiago Pradi,2011-01-09 23:37:14
Thiago Pradi,2011-01-09 22:49:44
Thiago Pradi,2011-01-09 17:33:51
Thiago Pradi,2011-01-09 17:33:45
Thiago Pradi,2011-01-09 17:30:39
Thiago Pradi,2011-01-09 17:28:18
Thiago Pradi,2011-01-09 17:27:19
Thiago Pradi,2011-01-09 17:26:49
Thiago Pradi,2011-01-09 17:03:43
Thiago Pradi,2011-01-09 17:03:38
Thiago Pradi,2011-01-09 17:02:05
Thiago Pradi,2011-01-09 16:58:27
Thiago Pradi,2011-01-09 16:52:25
robert berry,2011-01-08 10:10:16
Thiago Pradi,2010-12-15 00:49:07
Thiago Pradi,2010-12-15 00:49:04
Mike Ragalie,2010-12-09 01:53:01
Mike Ragalie,2010-12-06 08:56:50
Thiago Pradi,2010-12-02 02:26:16
Thiago Pradi,2010-12-02 02:26:12
Robert Rouse,2010-12-01 18:06:08
stJhimy,2010-11-24 21:26:31
stJhimy,2010-11-24 21:18:18
stJhimy,2010-11-24 16:12:40
stJhimy,2010-11-24 15:25:43
stJhimy,2010-11-24 14:35:40
Thiago Pradi,2010-11-08 14:58:45
Thiago Pradi,2010-11-08 14:58:24
Thiago Pradi,2010-11-08 12:45:04
Thiago Pradi,2010-11-08 12:44:58
Thiago Pradi,2010-11-08 12:44:19
Thiago Pradi,2010-11-03 03:02:08
Thiago Pradi,2010-11-03 03:01:56
Thiago Pradi,2010-11-03 02:59:49
Thiago Pradi,2010-10-31 05:04:47
Thiago Pradi,2010-10-31 05:04:43
Thiago Pradi,2010-10-31 05:04:15
Thiago Pradi,2010-10-31 04:53:14
Dai Akatsuka,2010-10-28 14:13:06
Thiago Pradi,2010-10-24 13:19:08
Thiago Pradi,2010-10-24 13:19:03
Thiago Pradi,2010-10-24 13:17:32
Thiago Pradi,2010-10-08 22:37:55
Thiago Pradi,2010-10-04 22:06:45
Brian Jones,2010-10-04 03:55:43
Tekkub,2010-10-02 22:17:36
Thiago Pradi,2010-10-02 17:12:29
Thiago Pradi,2010-10-02 17:01:27
Thiago Pradi,2010-10-02 17:01:11
Thiago Pradi,2010-10-02 16:59:18
Carlos Brando,2010-10-01 03:37:21
Brian Jones,2010-09-23 03:45:16
Thiago Pradi,2010-09-04 03:26:17
Thiago Pradi,2010-09-04 03:26:01
Thiago Pradi,2010-09-04 03:25:36
Thiago Pradi,2010-08-28 19:31:37
Thiago Pradi,2010-08-21 01:19:22
Thiago Pradi,2010-08-21 01:19:03
Thiago Pradi,2010-08-21 01:18:21
mperham,2010-08-16 17:10:52
Thiago Pradi,2010-08-16 02:35:26
Thiago Pradi,2010-08-16 02:27:09
Thiago Pradi,2010-08-14 18:11:01
Thiago Pradi,2010-08-14 18:10:57
Thiago Pradi,2010-08-14 18:05:51
Thiago Pradi,2010-08-11 22:49:10
Thiago Pradi,2010-08-11 22:42:34
Thiago Pradi,2010-08-11 22:34:30
Thiago Pradi,2010-08-11 22:26:54
Thiago Pradi,2010-08-11 22:19:36
Thiago Pradi,2010-08-10 22:00:15
Thiago Pradi,2010-08-10 21:59:25
Thiago Pradi,2010-08-10 15:00:05
Thiago Pradi,2010-08-07 20:29:44
Thiago Pradi,2010-08-05 06:51:38
Thiago Pradi,2010-08-05 06:50:00
Thiago Pradi,2010-07-30 07:00:20
Thiago Pradi,2010-07-30 07:00:14
Thiago Pradi,2010-07-30 07:00:04
Thiago Pradi,2010-07-30 06:16:26
Thiago Pradi,2010-07-29 06:28:16
Thiago Pradi,2010-07-29 06:22:28
Thiago Pradi,2010-07-28 18:11:52
Thiago Pradi,2010-07-28 17:59:40
Thiago Pradi,2010-07-28 17:57:32
Thiago Pradi,2010-07-28 17:50:14
Thiago Pradi,2010-07-28 17:49:40
Thiago Pradi,2010-07-28 17:44:40
Thiago Pradi,2010-07-28 17:42:29
Thiago Pradi,2010-07-28 17:41:18
Thiago Pradi,2010-07-28 17:39:19
Thiago Pradi,2010-07-28 17:36:17
Thiago Pradi,2010-07-28 17:35:21
Thiago Pradi,2010-07-26 17:37:51
Thiago Pradi,2010-07-26 17:35:21
Thiago Pradi,2010-07-26 17:29:19
Thiago Pradi,2010-07-26 14:50:17
Thiago Pradi,2010-07-26 14:46:17
Thiago Pradi,2010-07-26 14:46:11
Thiago Pradi,2010-07-26 14:45:50
Thiago Pradi,2010-07-23 20:57:08
Thiago Pradi,2010-07-23 20:57:02
Thiago Pradi,2010-07-23 20:56:33
Thiago Pradi,2010-07-23 17:01:57
Thiago Pradi,2010-07-23 17:01:42
Thiago Pradi,2010-07-22 08:17:50
Thiago Pradi,2010-07-22 07:49:18
Thiago Pradi,2010-07-22 06:40:03
Thiago Pradi,2010-07-22 06:35:10
Thiago Pradi,2010-07-21 05:23:23
Thiago Pradi,2010-07-21 05:19:12
Thiago Pradi,2010-07-21 05:13:04
Thiago Pradi,2010-07-21 05:07:34
Thiago Pradi,2010-07-20 20:45:36
Thiago Pradi,2010-07-20 20:29:47
Thiago Pradi,2010-07-20 20:10:49
Thiago Pradi,2010-07-20 19:54:52
Thiago Pradi,2010-07-20 19:27:33
Thiago Pradi,2010-07-20 18:48:08
Thiago Pradi,2010-07-20 18:39:29
Thiago Pradi,2010-07-20 18:13:47
Thiago Pradi,2010-07-20 17:36:25
Thiago Pradi,2010-07-20 17:33:29
Thiago Pradi,2010-07-20 17:21:22
Thiago Pradi,2010-07-19 18:26:35
Thiago Pradi,2010-07-19 16:49:35
Thiago Pradi,2010-07-19 16:49:23
Thiago Pradi,2010-07-19 15:07:39
Thiago Pradi,2010-07-19 14:49:07
Thiago Pradi,2010-07-19 14:43:18
Thiago Pradi,2010-07-19 14:37:21
Thiago Pradi,2010-07-19 14:36:28
Thiago Pradi,2010-07-19 14:35:24
Thiago Pradi,2010-07-19 13:45:01
Thiago Pradi,2010-07-16 14:50:14
Thiago Pradi,2010-07-16 06:01:35
Thiago Pradi,2010-07-16 06:01:29
Thiago Pradi,2010-07-16 06:01:05
Thiago Pradi,2010-07-16 05:17:48
Mike Perham,2010-07-16 00:07:49
Mike Perham,2010-07-15 23:58:49
Mike Perham,2010-07-15 23:51:00
Thiago Pradi,2010-07-15 17:42:44
Thiago Pradi,2010-07-15 17:22:36
Thiago Pradi,2010-07-15 16:59:46
Thiago Pradi,2010-07-15 15:18:48
Thiago Pradi,2010-07-15 14:52:31
Thiago Pradi,2010-07-14 17:56:43
Thiago Pradi,2010-07-14 17:56:33
Thiago Pradi,2010-07-14 17:46:25
Thiago Pradi,2010-07-14 17:44:46
Thiago Pradi,2010-07-14 17:25:02
Thiago Pradi,2010-07-14 17:24:49
Thiago Pradi,2010-07-14 14:58:01
Thiago Pradi,2010-07-14 14:26:30
Thiago Pradi,2010-07-14 14:24:17
Thiago Pradi,2010-07-14 14:06:18
Thiago Pradi,2010-07-14 14:06:05
Thiago Pradi,2010-07-14 13:47:09
Thiago Pradi,2010-07-14 13:27:48
Thiago Pradi,2010-07-14 13:22:51
Thiago Pradi,2010-07-14 13:21:07
Thiago Pradi,2010-07-14 13:20:53
Thiago Pradi,2010-07-12 18:52:22
Thiago Pradi,2010-07-12 18:39:48
Thiago Pradi,2010-07-12 18:36:39
Thiago Pradi,2010-07-12 18:23:22
Thiago Pradi,2010-07-12 17:55:24
Thiago Pradi,2010-07-12 17:32:35
Thiago Pradi,2010-07-12 12:47:37
Thiago Pradi,2010-07-09 05:32:39
Thiago Pradi,2010-07-09 05:32:33
Thiago Pradi,2010-07-09 05:30:19
Thiago Pradi,2010-07-09 05:17:17
Thiago Pradi,2010-07-09 04:18:23
Thiago Pradi,2010-07-08 20:25:56
Thiago Pradi,2010-07-08 20:25:53
Thiago Pradi,2010-07-08 20:15:07
Thiago Pradi,2010-07-08 19:15:27
Thiago Pradi,2010-07-08 18:58:53
Thiago Pradi,2010-07-08 18:56:49
Thiago Pradi,2010-07-07 18:20:02
Thiago Pradi,2010-07-07 18:19:58
Thiago Pradi,2010-07-07 18:19:08
Thiago Pradi,2010-07-07 18:14:24
Thiago Pradi,2010-07-07 17:44:55
Thiago Pradi,2010-07-07 17:27:19
Thiago Pradi,2010-07-07 16:25:04
Thiago Pradi,2010-07-07 04:00:47
Thiago Pradi,2010-07-07 03:05:06
Thiago Pradi,2010-07-06 18:28:38
Thiago Pradi,2010-07-06 18:23:32
Thiago Pradi,2010-07-06 18:03:31
Thiago Pradi,2010-07-06 18:03:11
Thiago Pradi,2010-07-06 17:03:08
Thiago Pradi,2010-07-06 14:19:15
Thiago Pradi,2010-07-06 14:17:05
Thiago Pradi,2010-07-05 18:17:21
Thiago Pradi,2010-07-05 18:17:19
Thiago Pradi,2010-07-05 17:59:49
Thiago Pradi,2010-07-05 17:47:15
Thiago Pradi,2010-07-05 16:52:04
Thiago Pradi,2010-07-05 16:42:58
Thiago Pradi,2010-07-05 15:01:18
Thiago Pradi,2010-07-05 14:56:04
Thiago Pradi,2010-07-05 14:28:57
Thiago Pradi,2010-07-05 14:27:21
Thiago Pradi,2010-07-05 14:26:41
Thiago Pradi,2010-07-05 13:57:33
Thiago Pradi,2010-07-02 22:25:49
Thiago Pradi,2010-07-02 22:25:46
Thiago Pradi,2010-07-02 22:23:29
Thiago Pradi,2010-07-02 21:43:58
Thiago Pradi,2010-07-02 21:43:53
Thiago Pradi,2010-07-02 19:17:34
Thiago Pradi,2010-07-02 19:17:11
Thiago Pradi,2010-07-02 18:48:21
Thiago Pradi,2010-07-02 18:02:55
Thiago Pradi,2010-07-01 19:42:33
Thiago Pradi,2010-07-01 19:42:30
Thiago Pradi,2010-07-01 19:42:03
Thiago Pradi,2010-07-01 17:18:23
Thiago Pradi,2010-07-01 17:16:27
Thiago Pradi,2010-07-01 17:07:39
Thiago Pradi,2010-07-01 14:15:49
Thiago Pradi,2010-06-30 18:44:07
Thiago Pradi,2010-06-30 14:39:26
Thiago Pradi,2010-06-30 13:55:45
Thiago Pradi,2010-06-30 04:18:33
Thiago Pradi,2010-06-29 21:06:02
Thiago Pradi,2010-06-29 14:41:50
Thiago Pradi,2010-06-29 14:41:43
Thiago Pradi,2010-06-29 14:41:21
Thiago Pradi,2010-06-29 02:50:28
Thiago Pradi,2010-06-28 17:44:04
Thiago Pradi,2010-06-28 17:43:53
Thiago Pradi,2010-06-28 17:23:25
Thiago Pradi,2010-06-28 17:16:35
Thiago Pradi,2010-06-28 16:41:22
Thiago Pradi,2010-06-28 16:41:07
Thiago Pradi,2010-06-28 16:40:59
Thiago Pradi,2010-06-28 12:41:54
Thiago Pradi,2010-06-28 12:41:50
Thiago Pradi,2010-06-28 12:25:45
Thiago Pradi,2010-06-28 12:25:22
Thiago Pradi,2010-06-28 12:08:07
Thiago Pradi,2010-06-25 04:30:55
Thiago Pradi,2010-06-24 18:36:49
